{"mean": [0.9328588400900901, 0.9339698198198199, 0.9338298423423423], "std": [0.1881268901781826, 0.18381248888783014, 0.18610593191303293]}